{
    "categories":
    [
        {
            "title": "Tea",
            "type": [
                {
                    "id": 1,
                    "title": "Black tea",
                    "comment" : "Black tea is green tea that has been oxidized, therefore he contains more theine. His steeping time is quite short.",
                    "tasks": [
                        {
                            "step": "Add water",
                            "comment" : "Add water in a pot and let it boil over high heat",
                            "duree" : 30
                        },
                        {
                            "step" : "Let it infuse",
                            "comment" : "Turn off the heat of the pot, then put the tea bag inside it and let it infuse on its own",
                            "duree" : 12,
                            "température" : 70
                        }
                    ]
                },
                {
                    "id": 2,
                    "title": "Green tea",
                    "comment" : "Green tea is a tea that haven't been oxidized. He got some health benefits and his steeping time is quite short.",
                    "tasks": [
                        {
                            "step": "Add water",
                            "comment" : "Add water in a pot and let it boil over high heat",
                            "duree" : 30
                        },
                        {
                            "step" : "Let it infuse",
                            "comment" : "Turn off the heat of the pot, then put the tea bag inside it and let it infuse on its own",
                            "duree" : 9,
                            "température" : [90, 95]
                        }
                    ]
                },
                {
                    "id": 3,
                    "title": "White tea",
                    "comment" : "White tea is a tea that has been slightly oxidized (approximately 12% of oxydation). This tea is usually quite expensive and is known for its diet benefits. His steeping time is long.",
                    "tasks": [
                        {
                            "step": "Add water",
                            "comment" : "Add water in a pot and let it boil over high heat",
                            "duree" : 30
                        },
                        {
                            "step" : "Let it infuse",
                            "comment" : "Turn off the heat of the pot, then put the tea bag inside it and let it infuse on its own",
                            "duree" : [21, 60],
                            "température" : 85
                        }
                    ]
                },
                {
                    "id": 4,
                    "title": "Rooibos",
                    "comment" : "Rooibos is a tea that comes from the South of Africa, that does not contain theine. He is known for its benefits on one's digestion, sleep or allergies. His steeping time is average.",
                    "tasks": [
                        {
                            "step": "Add water",
                            "comment" : "Add water in a pot and let it boil over high heat",
                            "duree" : 30
                        },
                        {
                            "step" : "Let it infuse",
                            "comment" : "Turn off the heat of the pot, then put the tea bag inside it and let it infuse on its own.",
                            "duree" : 15,
                            "température" : [90, 95]
                        }
                    ]
                },
                {
                    "id": 5,
                    "title": "Oolong",
                    "comment" : "Oolong tea is a tea which its oxydation is incomplete but it varies depending on the tea (from 10 to 80% of oxydation). It is between the black tea and the green one. His steeping time is average.",
                    "tasks": [
                        {
                            "step": "Add water",
                            "comment" : "Add water in a pot and let it boil over high heat",
                            "duree" : 30
                        },
                        {
                            "step" : "Let it infuse",
                            "comment" : "Turn off the heat of the pot, then put the tea bag inside it and let it infuse on its own",
                            "duree" : [15, 21],
                            "température" : 85
                        }
                    ]
                }
            ]
        }
    ,
        {
            "title": "Egg",
            "type": [
                {
                    "id": 5,
                    "title": "Hard-boiled egg",
                    "comment": "Hard-boiled egg, white and yolk are coagulated",
                    "tasks": [
                        {
                            "step": "To boil the water",
                            "comment": "",
                            "duree": 120
                        },
                        {
                            "step": "Gently dip the egg with a spoon or fork",
                            "comment": "",
                            "duree": 15
                        },
                        {
                            "step": "Count about 10 minutes of cooking before leaving the water",
                            "comment": "",
                            "duree": 600
                        },
                        {
                            "step": "Place the egg in cold water to cool it",
                            "comment": "",
                            "duree": 15
                        },
                        {
                            "step": "Peel the eggs in cold water (easier)",
                            "comment": "",
                            "duree": 120
                        },
                        {
                            "step" : "Taste!",
                            "comment": "Enjoy your meal",
                            "duree": 0
                        }
                    ]
                },
                {
                    "id": 6,
                    "title": "Boiled egg",
                    "comment": "The white is barely coagulated and the yolk remains liquid",
                    "tasks": [
                        {
                            "step": "To boil the water",
                            "comment": "",
                            "duree": 30
                        },
                        {
                            "step": "Gently dip the egg with a spoon or fork",
                            "comment": "",
                            "duree": 15
                        },
                        {
                            "step": "Count about 3 minutes of cooking before leaving the water",
                            "comment": "",
                            "duree": 9
                        },
                        {
                            "step": "Peel or tap the top egg, salt, pepper",
                            "comment": "",
                            "duree": 6
                        },
                        {
                            "step" : "Taste!",
                            "comment": "Enjoy your meal",
                            "duree": 0
                        }
                    ]
                },
                {
                    "id": 7,
                    "title": "The soft-boiled egg",
                    "comment": "The white is coagulated and the yolk remains runny, creamy",
                    "tasks": [
                        {
                            "step": "To boil the water",
                            "comment": "",
                            "duree": 30
                        },
                        {
                            "step": "Gently dip the egg with a spoon or fork",
                            "comment": "",
                            "duree": 15
                        },
                        {
                            "step": "Count about 5 minutes 45 sec of cooking before leaving the water",
                            "comment": "",
                            "duree": 17
                        },
                        {
                            "step": "Put the egg in water cold to stop the cooking",
                            "comment": "",
                            "duree": 3
                        },
                        {
                            "step" : "Peel the eggs in cold water (easier)",
                            "comment": "",
                            "duree": 6
                        },
                        {
                            "step" : "Taste!",
                            "comment": "Enjoy your meal",
                            "duree": 0
                        }
                    ]
                }

            ]
        }
    ]
}
